Signal Id,Timestamp,Event Code,Event Parameter
5306,01/31/2019 11:59:04.000,0,2
5306,01/31/2019 11:59:04.000,0,6
5306,01/31/2019 11:59:04.000,21,2
5306,01/31/2019 11:59:04.000,21,6
5306,01/31/2019 11:59:49.500,22,2
5306,01/31/2019 11:59:53.500,22,6
5306,01/31/2019 12:00:10.500,23,2
5306,01/31/2019 12:00:10.500,23,6
5306,01/31/2019 12:00:17.000,0,4
5306,01/31/2019 12:00:17.000,0,7
5306,01/31/2019 12:00:32.600,0,8
5306,01/31/2019 12:00:42.700,0,3
5306,01/31/2019 12:01:16.000,0,2
5306,01/31/2019 12:01:16.000,0,6
5306,01/31/2019 12:01:16.000,21,2
5306,01/31/2019 12:01:16.000,21,6
5306,01/31/2019 12:01:19.900,45,2
5306,01/31/2019 12:01:19.900,90,2
5306,01/31/2019 12:01:20.100,89,2
5306,01/31/2019 12:01:22.600,45,2
5306,01/31/2019 12:01:22.600,90,2
5306,01/31/2019 12:01:22.900,89,2
5306,01/31/2019 12:02:01.500,22,2
5306,01/31/2019 12:02:05.500,22,6
5306,01/31/2019 12:02:22.500,23,2
5306,01/31/2019 12:02:22.500,23,6
5306,01/31/2019 12:02:29.000,0,4
5306,01/31/2019 12:02:29.000,0,7
5306,01/31/2019 12:02:47.000,0,8
5306,01/31/2019 12:02:50.700,0,3
5306,01/31/2019 12:03:28.000,0,2
5306,01/31/2019 12:03:28.000,0,6
5306,01/31/2019 12:03:28.000,21,2
5306,01/31/2019 12:03:28.000,21,6
5306,01/31/2019 12:04:13.500,22,2
5306,01/31/2019 12:04:17.500,22,6
5306,01/31/2019 12:04:34.500,23,2
5306,01/31/2019 12:04:34.500,23,6
5306,01/31/2019 12:04:41.000,0,4
5306,01/31/2019 12:04:41.000,0,7
5306,01/31/2019 12:04:49.900,45,8
5306,01/31/2019 12:04:49.900,90,8
5306,01/31/2019 12:04:50.200,89,8
5306,01/31/2019 12:04:56.700,0,8
5306,01/31/2019 12:04:56.700,21,8
5306,01/31/2019 12:04:58.700,0,3
5306,01/31/2019 12:05:01.700,22,8
5306,01/31/2019 12:05:23.700,23,8
5306,01/31/2019 12:05:30.200,0,2
5306,01/31/2019 12:05:30.200,0,6
5306,01/31/2019 12:05:30.200,21,2
5306,01/31/2019 12:05:30.200,21,6
5306,01/31/2019 12:06:25.500,22,2
5306,01/31/2019 12:06:29.500,22,6
5306,01/31/2019 12:06:46.500,23,2
5306,01/31/2019 12:06:46.500,23,6
5306,01/31/2019 12:06:53.000,0,4
5306,01/31/2019 12:06:53.000,0,7
5306,01/31/2019 12:07:02.700,45,8
5306,01/31/2019 12:07:02.700,90,8
5306,01/31/2019 12:07:03.100,89,8
5306,01/31/2019 12:07:11.000,0,8
5306,01/31/2019 12:07:11.000,21,8
5306,01/31/2019 12:07:13.500,0,3
5306,01/31/2019 12:07:16.000,22,8
5306,01/31/2019 12:07:38.000,23,8
5306,01/31/2019 12:07:52.000,0,2
5306,01/31/2019 12:07:52.000,0,6
5306,01/31/2019 12:07:52.000,21,2
5306,01/31/2019 12:07:52.000,21,6
5306,01/31/2019 12:08:37.500,22,2
5306,01/31/2019 12:08:41.500,22,6
5306,01/31/2019 12:08:58.500,23,2
5306,01/31/2019 12:08:58.500,23,6
5306,01/31/2019 12:09:05.000,0,4
5306,01/31/2019 12:09:05.000,0,7
5306,01/31/2019 12:09:18.300,0,8
5306,01/31/2019 12:09:27.700,0,3
5306,01/31/2019 12:09:54.300,0,1
5306,01/31/2019 12:09:54.300,0,6
5306,01/31/2019 12:09:54.300,21,6
5306,01/31/2019 12:10:10.700,0,2
5306,01/31/2019 12:10:10.700,21,2
5306,01/31/2019 12:10:30.200,45,8
5306,01/31/2019 12:10:30.200,90,8
5306,01/31/2019 12:10:30.500,89,8
5306,01/31/2019 12:10:49.500,22,2
5306,01/31/2019 12:10:53.500,22,6
5306,01/31/2019 12:11:10.500,23,2
5306,01/31/2019 12:11:10.500,23,6
5306,01/31/2019 12:11:17.000,0,4
5306,01/31/2019 12:11:17.000,0,7
5306,01/31/2019 12:11:31.100,0,8
5306,01/31/2019 12:11:31.100,21,8
5306,01/31/2019 12:11:36.100,22,8
5306,01/31/2019 12:11:37.700,0,3
5306,01/31/2019 12:11:58.100,23,8
5306,01/31/2019 12:12:07.500,0,2
5306,01/31/2019 12:12:07.500,0,6
5306,01/31/2019 12:12:07.500,21,2
5306,01/31/2019 12:12:07.500,21,6
5306,01/31/2019 12:13:01.500,22,2
5306,01/31/2019 12:13:05.500,22,6
5306,01/31/2019 12:13:22.500,23,2
5306,01/31/2019 12:13:22.500,23,6
5306,01/31/2019 12:13:29.000,0,4
5306,01/31/2019 12:13:29.000,0,7
5306,01/31/2019 12:13:39.000,0,8
5306,01/31/2019 12:13:57.500,0,3
5306,01/31/2019 12:14:28.000,0,1
5306,01/31/2019 12:14:28.000,0,6
5306,01/31/2019 12:14:28.000,21,6
5306,01/31/2019 12:14:40.000,0,2
5306,01/31/2019 12:14:40.000,21,2
5306,01/31/2019 12:14:51.500,45,8
5306,01/31/2019 12:14:51.500,90,8
5306,01/31/2019 12:14:51.800,89,8
5306,01/31/2019 12:15:13.500,22,2
5306,01/31/2019 12:15:17.500,22,6
5306,01/31/2019 12:15:34.500,23,2
5306,01/31/2019 12:15:34.500,23,6
5306,01/31/2019 12:15:41.000,0,4
5306,01/31/2019 12:15:41.000,0,7
5306,01/31/2019 12:15:58.200,0,8
5306,01/31/2019 12:15:58.200,21,8
5306,01/31/2019 12:16:03.200,22,8
5306,01/31/2019 12:16:05.100,0,3
5306,01/31/2019 12:16:25.200,23,8
5306,01/31/2019 12:16:40.000,0,1
5306,01/31/2019 12:16:40.000,0,6
5306,01/31/2019 12:16:40.000,21,6
5306,01/31/2019 12:16:52.000,0,2
5306,01/31/2019 12:16:52.000,21,2
5306,01/31/2019 12:17:25.500,22,2
5306,01/31/2019 12:17:29.500,22,6
5306,01/31/2019 12:17:46.500,23,2
5306,01/31/2019 12:17:46.500,23,6
5306,01/31/2019 12:17:53.000,0,4
5306,01/31/2019 12:17:53.000,0,7
5306,01/31/2019 12:18:11.000,0,8
5306,01/31/2019 12:18:15.300,0,3
5306,01/31/2019 12:18:44.900,0,2
5306,01/31/2019 12:18:44.900,0,6
5306,01/31/2019 12:18:44.900,21,2
5306,01/31/2019 12:18:44.900,21,6
5306,01/31/2019 12:19:37.500,22,2
5306,01/31/2019 12:19:41.500,22,6
5306,01/31/2019 12:19:58.500,23,2
5306,01/31/2019 12:19:58.500,23,6
5306,01/31/2019 12:20:05.000,0,4
5306,01/31/2019 12:20:05.000,0,7
5306,01/31/2019 12:20:21.400,0,8
5306,01/31/2019 12:20:34.000,0,3
5306,01/31/2019 12:20:46.600,45,2
5306,01/31/2019 12:20:46.600,90,2
5306,01/31/2019 12:20:46.800,89,2
5306,01/31/2019 12:21:03.500,0,2
5306,01/31/2019 12:21:03.500,0,6
5306,01/31/2019 12:21:03.500,21,2
5306,01/31/2019 12:21:03.500,21,6
5306,01/31/2019 12:21:49.500,22,2
5306,01/31/2019 12:21:53.500,22,6
5306,01/31/2019 12:22:10.500,23,2
5306,01/31/2019 12:22:10.500,23,6
5306,01/31/2019 12:22:17.000,0,4
5306,01/31/2019 12:22:17.000,0,7
5306,01/31/2019 12:22:35.000,0,8
5306,01/31/2019 12:22:46.000,0,3
5306,01/31/2019 12:23:15.800,0,2
5306,01/31/2019 12:23:15.800,0,6
5306,01/31/2019 12:23:15.800,21,2
5306,01/31/2019 12:23:15.800,21,6
5306,01/31/2019 12:24:01.500,22,2
5306,01/31/2019 12:24:05.500,22,6
5306,01/31/2019 12:24:16.200,45,8
5306,01/31/2019 12:24:16.200,90,8
5306,01/31/2019 12:24:16.400,89,8
5306,01/31/2019 12:24:22.500,23,2
5306,01/31/2019 12:24:22.500,23,6
5306,01/31/2019 12:24:29.000,0,4
5306,01/31/2019 12:24:29.000,0,7
5306,01/31/2019 12:24:44.700,0,8
5306,01/31/2019 12:24:44.700,21,8
5306,01/31/2019 12:24:49.700,22,8
5306,01/31/2019 12:24:52.000,0,3
5306,01/31/2019 12:25:11.700,23,8
5306,01/31/2019 12:25:25.200,0,2
5306,01/31/2019 12:25:25.200,0,6
5306,01/31/2019 12:25:25.200,21,2
5306,01/31/2019 12:25:25.200,21,6
5306,01/31/2019 12:26:13.500,22,2
5306,01/31/2019 12:26:17.500,22,6
5306,01/31/2019 12:26:34.500,23,2
5306,01/31/2019 12:26:34.500,23,6
5306,01/31/2019 12:26:41.000,0,4
5306,01/31/2019 12:26:41.000,0,7
5306,01/31/2019 12:26:59.000,0,8
5306,01/31/2019 12:27:10.000,0,3
5306,01/31/2019 12:27:40.000,0,2
5306,01/31/2019 12:27:40.000,0,6
5306,01/31/2019 12:27:40.000,21,2
5306,01/31/2019 12:27:40.000,21,6
5306,01/31/2019 12:28:25.500,22,2
5306,01/31/2019 12:28:29.500,22,6
5306,01/31/2019 12:28:46.500,23,2
5306,01/31/2019 12:28:46.500,23,6
5306,01/31/2019 12:28:53.000,0,4
5306,01/31/2019 12:28:53.000,0,7
5306,01/31/2019 12:29:09.000,0,8
5306,01/31/2019 12:29:18.500,0,3
5306,01/31/2019 12:29:41.000,0,2
5306,01/31/2019 12:29:41.000,0,6
5306,01/31/2019 12:29:41.000,21,2
5306,01/31/2019 12:29:41.000,21,6
5306,01/31/2019 12:30:37.500,22,2
5306,01/31/2019 12:30:41.500,22,6
5306,01/31/2019 12:30:58.500,23,2
5306,01/31/2019 12:30:58.500,23,6
5306,01/31/2019 12:31:05.000,0,4
5306,01/31/2019 12:31:05.000,0,7
5306,01/31/2019 12:31:18.400,0,8
5306,01/31/2019 12:31:21.700,0,3
5306,01/31/2019 12:31:48.200,0,2
5306,01/31/2019 12:31:48.200,0,6
5306,01/31/2019 12:31:48.200,21,2
5306,01/31/2019 12:31:48.200,21,6
5306,01/31/2019 12:32:49.500,22,2
5306,01/31/2019 12:32:53.500,22,6
5306,01/31/2019 12:33:10.500,23,2
5306,01/31/2019 12:33:10.500,23,6
5306,01/31/2019 12:33:17.000,0,4
5306,01/31/2019 12:33:17.000,0,7
5306,01/31/2019 12:33:27.000,0,8
5306,01/31/2019 12:33:34.800,0,3
5306,01/31/2019 12:34:08.100,0,2
5306,01/31/2019 12:34:08.100,0,6
5306,01/31/2019 12:34:08.100,21,2
5306,01/31/2019 12:34:08.100,21,6
5306,01/31/2019 12:35:01.500,22,2
5306,01/31/2019 12:35:05.500,22,6
5306,01/31/2019 12:35:22.500,23,2
5306,01/31/2019 12:35:22.500,23,6
5306,01/31/2019 12:35:29.000,0,4
5306,01/31/2019 12:35:29.000,0,7
5306,01/31/2019 12:35:46.700,0,8
5306,01/31/2019 12:35:56.800,0,3
5306,01/31/2019 12:36:28.000,0,2
5306,01/31/2019 12:36:28.000,0,6
5306,01/31/2019 12:36:28.000,21,2
5306,01/31/2019 12:36:28.000,21,6
5306,01/31/2019 12:36:29.800,45,2
5306,01/31/2019 12:36:29.800,90,2
5306,01/31/2019 12:36:30.000,89,2
5306,01/31/2019 12:37:13.500,22,2
5306,01/31/2019 12:37:17.500,22,6
5306,01/31/2019 12:37:34.500,23,2
5306,01/31/2019 12:37:34.500,23,6
5306,01/31/2019 12:37:41.000,0,4
5306,01/31/2019 12:37:41.000,0,7
5306,01/31/2019 12:37:55.700,0,8
5306,01/31/2019 12:37:58.300,0,3
5306,01/31/2019 12:38:27.900,0,1
5306,01/31/2019 12:38:27.900,0,6
5306,01/31/2019 12:38:27.900,21,6
5306,01/31/2019 12:38:40.800,0,2
5306,01/31/2019 12:38:40.800,21,2
5306,01/31/2019 12:39:25.500,22,2
5306,01/31/2019 12:39:29.500,22,6
5306,01/31/2019 12:39:46.500,23,2
5306,01/31/2019 12:39:46.500,23,6
5306,01/31/2019 12:39:53.000,0,4
5306,01/31/2019 12:39:53.000,0,7
5306,01/31/2019 12:40:11.000,0,8
5306,01/31/2019 12:40:12.600,0,3
5306,01/31/2019 12:40:42.500,0,2
5306,01/31/2019 12:40:42.500,0,6
5306,01/31/2019 12:40:42.500,21,2
5306,01/31/2019 12:40:42.500,21,6
5306,01/31/2019 12:41:37.500,22,2
5306,01/31/2019 12:41:41.500,22,6
5306,01/31/2019 12:41:58.500,23,2
5306,01/31/2019 12:41:58.500,23,6
5306,01/31/2019 12:42:05.000,0,4
5306,01/31/2019 12:42:05.000,0,7
5306,01/31/2019 12:42:18.100,0,8
5306,01/31/2019 12:42:25.800,0,3
5306,01/31/2019 12:42:50.000,0,2
5306,01/31/2019 12:42:50.000,0,6
5306,01/31/2019 12:42:50.000,21,2
5306,01/31/2019 12:42:50.000,21,6
5306,01/31/2019 12:43:49.500,22,2
5306,01/31/2019 12:43:53.500,22,6
5306,01/31/2019 12:44:10.500,23,2
5306,01/31/2019 12:44:10.500,23,6
5306,01/31/2019 12:44:17.000,0,4
5306,01/31/2019 12:44:17.000,0,7
5306,01/31/2019 12:44:35.000,0,8
5306,01/31/2019 12:44:46.000,0,3
5306,01/31/2019 12:45:16.000,0,2
5306,01/31/2019 12:45:16.000,0,6
5306,01/31/2019 12:45:16.000,21,2
5306,01/31/2019 12:45:16.000,21,6
5306,01/31/2019 12:46:01.500,22,2
5306,01/31/2019 12:46:05.500,22,6
5306,01/31/2019 12:46:22.500,23,2
5306,01/31/2019 12:46:22.500,23,6
5306,01/31/2019 12:46:29.000,0,4
5306,01/31/2019 12:46:29.000,0,7
5306,01/31/2019 12:46:45.900,0,3
5306,01/31/2019 12:46:47.000,0,8
5306,01/31/2019 12:47:15.900,0,1
5306,01/31/2019 12:47:15.900,0,6
5306,01/31/2019 12:47:15.900,21,6
5306,01/31/2019 12:47:31.100,0,2
5306,01/31/2019 12:47:31.100,21,2
5306,01/31/2019 12:48:13.500,22,2
5306,01/31/2019 12:48:17.500,22,6
5306,01/31/2019 12:48:34.500,23,2
5306,01/31/2019 12:48:34.500,23,6
5306,01/31/2019 12:48:41.000,0,4
5306,01/31/2019 12:48:41.000,0,7
5306,01/31/2019 12:48:59.000,0,3
5306,01/31/2019 12:48:59.000,0,8
5306,01/31/2019 12:49:39.400,0,2
5306,01/31/2019 12:49:39.400,0,6
5306,01/31/2019 12:49:39.400,21,2
5306,01/31/2019 12:49:39.400,21,6
5306,01/31/2019 12:50:25.500,22,2
5306,01/31/2019 12:50:29.500,22,6
5306,01/31/2019 12:50:46.500,23,2
5306,01/31/2019 12:50:46.500,23,6
5306,01/31/2019 12:50:53.000,0,4
5306,01/31/2019 12:50:53.000,0,7
5306,01/31/2019 12:51:11.000,0,8
5306,01/31/2019 12:51:11.300,0,3
5306,01/31/2019 12:51:41.800,0,1
5306,01/31/2019 12:51:41.800,0,6
5306,01/31/2019 12:51:41.800,21,6
5306,01/31/2019 12:51:57.000,0,2
5306,01/31/2019 12:51:57.000,21,2
5306,01/31/2019 12:52:37.500,22,2
5306,01/31/2019 12:52:41.500,22,6
5306,01/31/2019 12:52:58.500,23,2
5306,01/31/2019 12:52:58.500,23,6
5306,01/31/2019 12:53:02.000,45,8
5306,01/31/2019 12:53:02.000,90,8
5306,01/31/2019 12:53:02.300,89,8
5306,01/31/2019 12:53:02.600,90,8
5306,01/31/2019 12:53:02.800,89,8
5306,01/31/2019 12:53:03.000,90,8
5306,01/31/2019 12:53:03.200,89,8
5306,01/31/2019 12:53:03.400,90,8
5306,01/31/2019 12:53:03.600,89,8
5306,01/31/2019 12:53:05.000,0,4
5306,01/31/2019 12:53:05.000,0,7
5306,01/31/2019 12:53:23.000,0,8
5306,01/31/2019 12:53:23.000,21,8
5306,01/31/2019 12:53:28.000,22,8
5306,01/31/2019 12:53:32.100,0,3
5306,01/31/2019 12:53:50.000,23,8
5306,01/31/2019 12:53:50.600,45,6
5306,01/31/2019 12:53:50.600,90,6
5306,01/31/2019 12:53:51.000,89,6
5306,01/31/2019 12:54:04.000,0,1
5306,01/31/2019 12:54:04.000,0,6
5306,01/31/2019 12:54:04.000,21,6
5306,01/31/2019 12:54:16.000,0,2
5306,01/31/2019 12:54:16.000,21,2
5306,01/31/2019 12:54:49.500,22,2
5306,01/31/2019 12:54:53.500,22,6
5306,01/31/2019 12:55:10.500,23,2
5306,01/31/2019 12:55:10.500,23,6
5306,01/31/2019 12:55:17.000,0,4
5306,01/31/2019 12:55:17.000,0,7
5306,01/31/2019 12:55:35.000,0,8
5306,01/31/2019 12:55:45.900,0,3
5306,01/31/2019 12:55:50.800,45,6
5306,01/31/2019 12:55:50.800,90,6
5306,01/31/2019 12:55:51.000,89,6
5306,01/31/2019 12:55:51.500,90,6
5306,01/31/2019 12:55:51.700,89,6
5306,01/31/2019 12:56:16.000,0,2
5306,01/31/2019 12:56:16.000,0,6
5306,01/31/2019 12:56:16.000,21,2
5306,01/31/2019 12:56:16.000,21,6
5306,01/31/2019 12:57:01.500,22,2
5306,01/31/2019 12:57:05.500,22,6
5306,01/31/2019 12:57:22.500,23,2
5306,01/31/2019 12:57:22.500,23,6
5306,01/31/2019 12:57:29.000,0,4
5306,01/31/2019 12:57:29.000,0,7
5306,01/31/2019 12:57:42.600,0,8
5306,01/31/2019 12:57:47.400,0,3
5306,01/31/2019 12:58:23.600,0,1
5306,01/31/2019 12:58:23.600,0,6
5306,01/31/2019 12:58:23.600,21,6
5306,01/31/2019 12:58:34.200,0,2
5306,01/31/2019 12:58:34.200,21,2
5306,01/31/2019 12:59:13.500,22,2
5306,01/31/2019 12:59:17.500,22,6
5306,01/31/2019 12:59:34.500,23,2
5306,01/31/2019 12:59:34.500,23,6
5306,01/31/2019 12:59:41.000,0,4
5306,01/31/2019 12:59:41.000,0,7
5306,01/31/2019 12:59:59.000,0,8
5306,01/31/2019 13:00:06.900,0,3
5306,01/31/2019 13:00:31.900,0,1
5306,01/31/2019 13:00:31.900,0,6
5306,01/31/2019 13:00:31.900,21,6
5306,01/31/2019 13:00:52.000,0,2
5306,01/31/2019 13:00:52.000,21,2
5306,01/31/2019 13:01:25.500,22,2
5306,01/31/2019 13:01:29.500,22,6
5306,01/31/2019 13:01:46.500,23,2
5306,01/31/2019 13:01:46.500,23,6
5306,01/31/2019 13:01:53.000,0,4
5306,01/31/2019 13:01:53.000,0,7
5306,01/31/2019 13:02:11.000,0,8
5306,01/31/2019 13:02:15.100,0,3
5306,01/31/2019 13:02:44.800,0,2
5306,01/31/2019 13:02:44.800,0,6
5306,01/31/2019 13:02:44.800,21,2
5306,01/31/2019 13:02:44.800,21,6
5306,01/31/2019 13:03:37.500,22,2
5306,01/31/2019 13:03:41.500,22,6
5306,01/31/2019 13:03:58.500,23,2
5306,01/31/2019 13:03:58.500,23,6
5306,01/31/2019 13:04:05.000,0,4
5306,01/31/2019 13:04:05.000,0,7
5306,01/31/2019 13:04:20.600,0,8
5306,01/31/2019 13:04:24.300,0,3
5306,01/31/2019 13:04:35.400,45,2
5306,01/31/2019 13:04:35.400,90,2
5306,01/31/2019 13:04:35.700,89,2
5306,01/31/2019 13:04:53.900,0,2
5306,01/31/2019 13:04:53.900,0,6
5306,01/31/2019 13:04:53.900,21,2
5306,01/31/2019 13:04:53.900,21,6
5306,01/31/2019 13:05:49.500,22,2
5306,01/31/2019 13:05:53.500,22,6
5306,01/31/2019 13:06:10.500,23,2
5306,01/31/2019 13:06:10.500,23,6
5306,01/31/2019 13:06:17.000,0,4
5306,01/31/2019 13:06:17.000,0,7
5306,01/31/2019 13:06:34.500,0,8
5306,01/31/2019 13:06:44.000,0,3
5306,01/31/2019 13:07:16.000,0,2
5306,01/31/2019 13:07:16.000,0,5
5306,01/31/2019 13:07:16.000,21,2
5306,01/31/2019 13:07:26.000,0,6
5306,01/31/2019 13:07:26.000,21,6
5306,01/31/2019 13:08:01.500,22,2
5306,01/31/2019 13:08:05.500,22,6
5306,01/31/2019 13:08:22.500,23,2
5306,01/31/2019 13:08:22.500,23,6
5306,01/31/2019 13:08:29.000,0,4
5306,01/31/2019 13:08:29.000,0,7
5306,01/31/2019 13:08:43.200,0,8
5306,01/31/2019 13:08:51.200,0,3
5306,01/31/2019 13:09:25.000,0,2
5306,01/31/2019 13:09:25.000,0,6
5306,01/31/2019 13:09:25.000,21,2
5306,01/31/2019 13:09:25.000,21,6
5306,01/31/2019 13:10:13.500,22,2
5306,01/31/2019 13:10:17.500,22,6
5306,01/31/2019 13:10:34.500,23,2
5306,01/31/2019 13:10:34.500,23,6
5306,01/31/2019 13:10:41.000,0,4
5306,01/31/2019 13:10:41.000,0,7
5306,01/31/2019 13:10:59.000,0,8
5306,01/31/2019 13:11:04.100,0,3
5306,01/31/2019 13:11:30.300,0,2
5306,01/31/2019 13:11:30.300,0,6
5306,01/31/2019 13:11:30.300,21,2
5306,01/31/2019 13:11:30.300,21,6
5306,01/31/2019 13:12:25.500,22,2
5306,01/31/2019 13:12:29.500,22,6
5306,01/31/2019 13:12:46.500,23,2
5306,01/31/2019 13:12:46.500,23,6
5306,01/31/2019 13:12:53.000,0,4
5306,01/31/2019 13:12:53.000,0,7
5306,01/31/2019 13:13:09.500,0,8
5306,01/31/2019 13:13:17.700,0,3
5306,01/31/2019 13:13:52.000,0,2
5306,01/31/2019 13:13:52.000,0,6
5306,01/31/2019 13:13:52.000,21,2
5306,01/31/2019 13:13:52.000,21,6
5306,01/31/2019 13:14:37.500,22,2
5306,01/31/2019 13:14:41.500,22,6
5306,01/31/2019 13:14:42.200,45,8
5306,01/31/2019 13:14:42.200,90,8
5306,01/31/2019 13:14:42.700,89,8
5306,01/31/2019 13:14:43.500,90,8
5306,01/31/2019 13:14:43.700,89,8
5306,01/31/2019 13:14:58.500,23,2
5306,01/31/2019 13:14:58.500,23,6
5306,01/31/2019 13:15:05.000,0,4
5306,01/31/2019 13:15:05.000,0,7
5306,01/31/2019 13:15:17.800,0,8
5306,01/31/2019 13:15:17.800,21,8
5306,01/31/2019 13:15:22.800,22,8
5306,01/31/2019 13:15:27.000,0,3
5306,01/31/2019 13:15:44.800,23,8
5306,01/31/2019 13:16:01.500,0,2
5306,01/31/2019 13:16:01.500,0,6
5306,01/31/2019 13:16:01.500,21,2
5306,01/31/2019 13:16:01.500,21,6
5306,01/31/2019 13:16:43.400,45,8
5306,01/31/2019 13:16:43.400,90,8
5306,01/31/2019 13:16:43.700,89,8
5306,01/31/2019 13:16:43.900,90,8
5306,01/31/2019 13:16:44.100,89,8
5306,01/31/2019 13:16:44.300,90,8
5306,01/31/2019 13:16:44.600,89,8
5306,01/31/2019 13:16:44.800,90,8
5306,01/31/2019 13:16:45.000,89,8
5306,01/31/2019 13:16:47.100,90,8
5306,01/31/2019 13:16:47.400,89,8
5306,01/31/2019 13:16:47.800,90,8
5306,01/31/2019 13:16:48.100,89,8
5306,01/31/2019 13:16:48.500,90,8
5306,01/31/2019 13:16:48.800,89,8
5306,01/31/2019 13:16:49.300,90,8
5306,01/31/2019 13:16:49.500,22,2
5306,01/31/2019 13:16:49.700,89,8
5306,01/31/2019 13:16:50.000,90,8
5306,01/31/2019 13:16:50.200,89,8
5306,01/31/2019 13:16:50.600,90,8
5306,01/31/2019 13:16:50.800,89,8
5306,01/31/2019 13:16:53.500,22,6
5306,01/31/2019 13:17:10.500,23,2
5306,01/31/2019 13:17:10.500,23,6
5306,01/31/2019 13:17:17.000,0,4
5306,01/31/2019 13:17:17.000,0,7
5306,01/31/2019 13:17:35.000,0,8
5306,01/31/2019 13:17:35.000,21,8
5306,01/31/2019 13:17:40.000,22,8
5306,01/31/2019 13:17:46.000,0,3
5306,01/31/2019 13:18:02.000,23,8
5306,01/31/2019 13:18:16.000,0,2
5306,01/31/2019 13:18:16.000,0,6
5306,01/31/2019 13:18:16.000,21,2
5306,01/31/2019 13:18:16.000,21,6
5306,01/31/2019 13:19:01.500,22,2
5306,01/31/2019 13:19:05.500,22,6
5306,01/31/2019 13:19:22.500,23,2
5306,01/31/2019 13:19:22.500,23,6
5306,01/31/2019 13:19:24.700,45,2
5306,01/31/2019 13:19:24.700,90,2
5306,01/31/2019 13:19:25.000,89,2
5306,01/31/2019 13:19:29.000,0,4
5306,01/31/2019 13:19:29.000,0,7
5306,01/31/2019 13:19:43.600,0,8
5306,01/31/2019 13:19:48.200,0,3
5306,01/31/2019 13:20:13.000,0,2
5306,01/31/2019 13:20:13.000,0,6
5306,01/31/2019 13:20:13.000,21,2
5306,01/31/2019 13:20:13.000,21,6
5306,01/31/2019 13:21:13.500,22,2
5306,01/31/2019 13:21:17.500,22,6
5306,01/31/2019 13:21:34.500,23,2
5306,01/31/2019 13:21:34.500,23,6
5306,01/31/2019 13:21:41.000,0,4
5306,01/31/2019 13:21:41.000,0,7
5306,01/31/2019 13:21:59.000,0,8
5306,01/31/2019 13:22:08.600,0,3
5306,01/31/2019 13:22:40.000,0,2
5306,01/31/2019 13:22:40.000,0,6
5306,01/31/2019 13:22:40.000,21,2
5306,01/31/2019 13:22:40.000,21,6
5306,01/31/2019 13:23:25.500,22,2
5306,01/31/2019 13:23:29.500,22,6
5306,01/31/2019 13:23:46.500,23,2
5306,01/31/2019 13:23:46.500,23,6
5306,01/31/2019 13:23:53.000,0,4
5306,01/31/2019 13:23:53.000,0,7
5306,01/31/2019 13:24:09.700,0,8
5306,01/31/2019 13:24:17.100,0,3
5306,01/31/2019 13:24:39.600,45,8
5306,01/31/2019 13:24:39.600,90,8
5306,01/31/2019 13:24:39.900,89,8
5306,01/31/2019 13:24:47.000,0,2
5306,01/31/2019 13:24:47.000,0,6
5306,01/31/2019 13:24:47.000,21,2
5306,01/31/2019 13:24:47.000,21,6
5306,01/31/2019 13:25:37.500,22,2
5306,01/31/2019 13:25:41.500,22,6
5306,01/31/2019 13:25:58.500,23,2
5306,01/31/2019 13:25:58.500,23,6
5306,01/31/2019 13:26:05.000,0,4
5306,01/31/2019 13:26:05.000,0,7
5306,01/31/2019 13:26:22.200,0,8
5306,01/31/2019 13:26:22.200,21,8
5306,01/31/2019 13:26:22.200,90,8
5306,01/31/2019 13:26:22.500,89,8
5306,01/31/2019 13:26:27.200,22,8
5306,01/31/2019 13:26:29.200,0,3
5306,01/31/2019 13:26:49.200,23,8
5306,01/31/2019 13:27:04.000,0,2
5306,01/31/2019 13:27:04.000,0,6
5306,01/31/2019 13:27:04.000,21,2
5306,01/31/2019 13:27:04.000,21,6
5306,01/31/2019 13:27:49.500,22,2
5306,01/31/2019 13:27:53.500,22,6
5306,01/31/2019 13:28:10.500,23,2
5306,01/31/2019 13:28:10.500,23,6
5306,01/31/2019 13:28:17.000,0,4
5306,01/31/2019 13:28:17.000,0,7
5306,01/31/2019 13:28:35.000,0,8
5306,01/31/2019 13:28:41.600,0,3
5306,01/31/2019 13:29:05.100,45,6
5306,01/31/2019 13:29:05.100,90,6
5306,01/31/2019 13:29:05.400,89,6
5306,01/31/2019 13:29:13.200,0,2
5306,01/31/2019 13:29:13.200,0,6
5306,01/31/2019 13:29:13.200,21,2
5306,01/31/2019 13:29:13.200,21,6
5306,01/31/2019 13:30:01.500,22,2
5306,01/31/2019 13:30:05.500,22,6
5306,01/31/2019 13:30:22.500,23,2
5306,01/31/2019 13:30:22.500,23,6
5306,01/31/2019 13:30:29.000,0,4
5306,01/31/2019 13:30:29.000,0,7
5306,01/31/2019 13:30:45.000,0,8
5306,01/31/2019 13:30:47.400,0,3
5306,01/31/2019 13:31:22.500,0,2
5306,01/31/2019 13:31:22.500,0,6
5306,01/31/2019 13:31:22.500,21,2
5306,01/31/2019 13:31:22.500,21,6
5306,01/31/2019 13:32:13.500,22,2
5306,01/31/2019 13:32:17.500,22,6
5306,01/31/2019 13:32:34.500,23,2
5306,01/31/2019 13:32:34.500,23,6
5306,01/31/2019 13:32:41.000,0,4
5306,01/31/2019 13:32:41.000,0,7
5306,01/31/2019 13:32:59.000,0,8
5306,01/31/2019 13:33:05.900,0,3
5306,01/31/2019 13:33:40.000,0,2
5306,01/31/2019 13:33:40.000,0,6
5306,01/31/2019 13:33:40.000,21,2
5306,01/31/2019 13:33:40.000,21,6
5306,01/31/2019 13:34:25.500,22,2
5306,01/31/2019 13:34:29.500,22,6
5306,01/31/2019 13:34:46.500,23,2
5306,01/31/2019 13:34:46.500,23,6
5306,01/31/2019 13:34:53.000,0,4
5306,01/31/2019 13:34:53.000,0,7
5306,01/31/2019 13:35:08.900,0,8
5306,01/31/2019 13:35:12.300,0,3
5306,01/31/2019 13:35:50.400,0,2
5306,01/31/2019 13:35:50.400,0,6
5306,01/31/2019 13:35:50.400,21,2
5306,01/31/2019 13:35:50.400,21,6
5306,01/31/2019 13:36:37.500,22,2
5306,01/31/2019 13:36:41.500,22,6
5306,01/31/2019 13:36:58.500,23,2
5306,01/31/2019 13:36:58.500,23,6
5306,01/31/2019 13:37:05.000,0,4
5306,01/31/2019 13:37:05.000,0,7
5306,01/31/2019 13:37:21.800,0,3
5306,01/31/2019 13:37:23.000,0,8
5306,01/31/2019 13:37:51.800,0,2
5306,01/31/2019 13:37:51.800,0,6
5306,01/31/2019 13:37:51.800,21,2
5306,01/31/2019 13:37:51.800,21,6
5306,01/31/2019 13:38:21.500,45,8
5306,01/31/2019 13:38:21.500,90,8
5306,01/31/2019 13:38:21.700,89,8
5306,01/31/2019 13:38:21.900,90,8
5306,01/31/2019 13:38:22.100,89,8
5306,01/31/2019 13:38:49.500,22,2
5306,01/31/2019 13:38:53.500,22,6
5306,01/31/2019 13:39:10.500,23,2
5306,01/31/2019 13:39:10.500,23,6
5306,01/31/2019 13:39:17.000,0,4
5306,01/31/2019 13:39:17.000,0,7
5306,01/31/2019 13:39:31.000,0,8
5306,01/31/2019 13:39:31.000,21,8
5306,01/31/2019 13:39:34.500,0,3
5306,01/31/2019 13:39:36.000,22,8
5306,01/31/2019 13:39:58.000,23,8
5306,01/31/2019 13:40:09.400,0,1
5306,01/31/2019 13:40:09.400,0,6
5306,01/31/2019 13:40:09.400,21,6
5306,01/31/2019 13:40:22.800,0,2
5306,01/31/2019 13:40:22.800,21,2
5306,01/31/2019 13:41:01.500,22,2
5306,01/31/2019 13:41:05.500,22,6
5306,01/31/2019 13:41:22.500,23,2
5306,01/31/2019 13:41:22.500,23,6
5306,01/31/2019 13:41:29.000,0,4
5306,01/31/2019 13:41:29.000,0,7
5306,01/31/2019 13:41:32.800,45,8
5306,01/31/2019 13:41:32.800,90,8
5306,01/31/2019 13:41:33.100,89,8
5306,01/31/2019 13:41:35.300,90,8
5306,01/31/2019 13:41:35.500,89,8
5306,01/31/2019 13:41:47.000,0,8
5306,01/31/2019 13:41:47.000,21,8
5306,01/31/2019 13:41:52.000,22,8
5306,01/31/2019 13:41:54.700,0,3
5306,01/31/2019 13:42:14.000,23,8
5306,01/31/2019 13:42:17.600,45,6
5306,01/31/2019 13:42:17.600,90,6
5306,01/31/2019 13:42:17.900,89,6
5306,01/31/2019 13:42:28.000,0,2
5306,01/31/2019 13:42:28.000,0,6
5306,01/31/2019 13:42:28.000,21,2
5306,01/31/2019 13:42:28.000,21,6
5306,01/31/2019 13:43:13.500,22,2
5306,01/31/2019 13:43:17.500,22,6
5306,01/31/2019 13:43:34.500,23,2
5306,01/31/2019 13:43:34.500,23,6
5306,01/31/2019 13:43:41.000,0,4
5306,01/31/2019 13:43:41.000,0,7
5306,01/31/2019 13:43:55.200,0,8
5306,01/31/2019 13:44:03.700,0,3
5306,01/31/2019 13:44:26.500,45,2
5306,01/31/2019 13:44:26.500,90,2
5306,01/31/2019 13:44:26.700,89,2
5306,01/31/2019 13:44:27.200,90,2
5306,01/31/2019 13:44:27.400,89,2
5306,01/31/2019 13:44:36.500,0,2
5306,01/31/2019 13:44:36.500,0,6
5306,01/31/2019 13:44:36.500,21,2
5306,01/31/2019 13:44:36.500,21,6
5306,01/31/2019 13:45:25.500,22,2
5306,01/31/2019 13:45:29.500,22,6
5306,01/31/2019 13:45:46.500,23,2
5306,01/31/2019 13:45:46.500,23,6
5306,01/31/2019 13:45:53.000,0,4
5306,01/31/2019 13:45:53.000,0,7
5306,01/31/2019 13:46:07.900,0,8
5306,01/31/2019 13:46:09.200,0,3
5306,01/31/2019 13:46:37.200,0,2
5306,01/31/2019 13:46:37.200,0,6
5306,01/31/2019 13:46:37.200,21,2
5306,01/31/2019 13:46:37.200,21,6
5306,01/31/2019 13:47:37.500,22,2
5306,01/31/2019 13:47:41.500,22,6
5306,01/31/2019 13:47:58.500,23,2
5306,01/31/2019 13:47:58.500,23,6
5306,01/31/2019 13:48:05.000,0,4
5306,01/31/2019 13:48:05.000,0,7
5306,01/31/2019 13:48:23.000,0,8
5306,01/31/2019 13:48:33.200,0,3
5306,01/31/2019 13:49:03.900,0,2
5306,01/31/2019 13:49:03.900,0,6
5306,01/31/2019 13:49:03.900,21,2
5306,01/31/2019 13:49:03.900,21,6
5306,01/31/2019 13:49:49.500,22,2
5306,01/31/2019 13:49:53.500,22,6
5306,01/31/2019 13:50:10.500,23,2
5306,01/31/2019 13:50:10.500,23,6
5306,01/31/2019 13:50:17.000,0,4
5306,01/31/2019 13:50:17.000,0,7
5306,01/31/2019 13:50:33.600,0,3
5306,01/31/2019 13:50:35.000,0,8
5306,01/31/2019 13:51:03.600,0,2
5306,01/31/2019 13:51:03.600,0,6
5306,01/31/2019 13:51:03.600,21,2
5306,01/31/2019 13:51:03.600,21,6
5306,01/31/2019 13:52:01.500,22,2
5306,01/31/2019 13:52:05.500,22,6
5306,01/31/2019 13:52:22.500,23,2
5306,01/31/2019 13:52:22.500,23,6
5306,01/31/2019 13:52:29.000,0,4
5306,01/31/2019 13:52:29.000,0,7
5306,01/31/2019 13:52:47.000,0,8
5306,01/31/2019 13:52:52.700,0,3
5306,01/31/2019 13:53:28.000,0,2
5306,01/31/2019 13:53:28.000,0,6
5306,01/31/2019 13:53:28.000,21,2
5306,01/31/2019 13:53:28.000,21,6
5306,01/31/2019 13:54:13.500,22,2
5306,01/31/2019 13:54:17.500,22,6
5306,01/31/2019 13:54:33.900,45,8
5306,01/31/2019 13:54:33.900,90,8
5306,01/31/2019 13:54:34.100,89,8
5306,01/31/2019 13:54:34.400,90,8
5306,01/31/2019 13:54:34.500,23,2
5306,01/31/2019 13:54:34.500,23,6
5306,01/31/2019 13:54:34.600,89,8
5306,01/31/2019 13:54:34.800,90,8
5306,01/31/2019 13:54:35.000,89,8
5306,01/31/2019 13:54:35.400,90,8
5306,01/31/2019 13:54:35.600,89,8
5306,01/31/2019 13:54:35.900,90,8
5306,01/31/2019 13:54:36.100,89,8
5306,01/31/2019 13:54:41.000,0,4
5306,01/31/2019 13:54:41.000,0,7
5306,01/31/2019 13:54:54.200,0,8
5306,01/31/2019 13:54:54.200,21,8
5306,01/31/2019 13:54:59.200,22,8
5306,01/31/2019 13:55:02.300,0,3
5306,01/31/2019 13:55:21.200,23,8
5306,01/31/2019 13:55:35.800,0,2
5306,01/31/2019 13:55:35.800,0,6
5306,01/31/2019 13:55:35.800,21,2
5306,01/31/2019 13:55:35.800,21,6
5306,01/31/2019 13:56:25.500,22,2
5306,01/31/2019 13:56:29.500,22,6
5306,01/31/2019 13:56:46.500,23,2
5306,01/31/2019 13:56:46.500,23,6
5306,01/31/2019 13:56:53.000,0,4
5306,01/31/2019 13:56:53.000,0,7
5306,01/31/2019 13:57:10.300,0,8
5306,01/31/2019 13:57:10.400,0,3
5306,01/31/2019 13:57:42.300,0,2
5306,01/31/2019 13:57:42.300,0,6
5306,01/31/2019 13:57:42.300,21,2
5306,01/31/2019 13:57:42.300,21,6
5306,01/31/2019 13:58:37.500,22,2
5306,01/31/2019 13:58:41.500,22,6
5306,01/31/2019 13:58:44.300,45,8
5306,01/31/2019 13:58:44.300,90,8
5306,01/31/2019 13:58:44.500,89,8
5306,01/31/2019 13:58:58.500,23,2
5306,01/31/2019 13:58:58.500,23,6
5306,01/31/2019 13:59:05.000,0,4
5306,01/31/2019 13:59:05.000,0,7
5306,01/31/2019 13:59:13.800,90,8
5306,01/31/2019 13:59:14.000,89,8
5306,01/31/2019 13:59:21.300,0,8
5306,01/31/2019 13:59:21.300,21,8
5306,01/31/2019 13:59:23.100,0,3
5306,01/31/2019 13:59:26.300,22,8
5306,01/31/2019 13:59:48.300,23,8
5306,01/31/2019 13:59:55.500,0,1
5306,01/31/2019 13:59:55.500,0,6
5306,01/31/2019 13:59:55.500,21,6
5306,01/31/2019 14:00:08.400,0,2
5306,01/31/2019 14:00:08.400,21,2
5306,01/31/2019 14:00:49.500,22,2
5306,01/31/2019 14:00:53.500,22,6
5306,01/31/2019 14:01:10.500,23,2
5306,01/31/2019 14:01:10.500,23,6
5306,01/31/2019 14:01:17.000,0,4
5306,01/31/2019 14:01:17.000,0,7
5306,01/31/2019 14:01:27.000,0,8
5306,01/31/2019 14:01:36.300,0,3
5306,01/31/2019 14:02:07.200,0,2
5306,01/31/2019 14:02:07.200,0,6
5306,01/31/2019 14:02:07.200,21,2
5306,01/31/2019 14:02:07.200,21,6
5306,01/31/2019 14:03:01.500,22,2
5306,01/31/2019 14:03:05.500,22,6
5306,01/31/2019 14:03:22.500,23,2
5306,01/31/2019 14:03:22.500,23,6
5306,01/31/2019 14:03:29.000,0,4
5306,01/31/2019 14:03:29.000,0,7
5306,01/31/2019 14:03:41.800,0,8
5306,01/31/2019 14:03:56.500,0,3
5306,01/31/2019 14:04:28.000,0,2
5306,01/31/2019 14:04:28.000,0,6
5306,01/31/2019 14:04:28.000,21,2
5306,01/31/2019 14:04:28.000,21,6
5306,01/31/2019 14:05:13.500,22,2
5306,01/31/2019 14:05:17.500,22,6
5306,01/31/2019 14:05:34.500,23,2
5306,01/31/2019 14:05:34.500,23,6
5306,01/31/2019 14:05:41.000,0,4
5306,01/31/2019 14:05:41.000,0,7
5306,01/31/2019 14:05:55.100,0,8
5306,01/31/2019 14:06:10.000,0,3
5306,01/31/2019 14:06:40.000,0,2
5306,01/31/2019 14:06:40.000,0,6
5306,01/31/2019 14:06:40.000,21,2
5306,01/31/2019 14:06:40.000,21,6
5306,01/31/2019 14:07:25.500,22,2
5306,01/31/2019 14:07:29.500,22,6
5306,01/31/2019 14:07:46.500,23,2
5306,01/31/2019 14:07:46.500,23,6
5306,01/31/2019 14:07:53.000,0,4
5306,01/31/2019 14:07:53.000,0,7
5306,01/31/2019 14:08:11.000,0,8
5306,01/31/2019 14:08:14.500,0,3
5306,01/31/2019 14:08:24.200,45,2
5306,01/31/2019 14:08:24.200,90,2
5306,01/31/2019 14:08:24.400,89,2
5306,01/31/2019 14:08:42.900,0,2
5306,01/31/2019 14:08:42.900,0,6
5306,01/31/2019 14:08:42.900,21,2
5306,01/31/2019 14:08:42.900,21,6
5306,01/31/2019 14:09:37.500,22,2
5306,01/31/2019 14:09:41.500,22,6
5306,01/31/2019 14:09:58.500,23,2
5306,01/31/2019 14:09:58.500,23,6
5306,01/31/2019 14:10:05.000,0,4
5306,01/31/2019 14:10:05.000,0,7
5306,01/31/2019 14:10:17.400,0,8
5306,01/31/2019 14:10:31.700,0,3
5306,01/31/2019 14:11:03.700,0,2
5306,01/31/2019 14:11:03.700,0,6
5306,01/31/2019 14:11:03.700,21,2
5306,01/31/2019 14:11:03.700,21,6
5306,01/31/2019 14:11:05.100,45,6
5306,01/31/2019 14:11:05.100,90,6
5306,01/31/2019 14:11:05.300,89,6
5306,01/31/2019 14:11:28.500,45,8
5306,01/31/2019 14:11:28.500,90,8
5306,01/31/2019 14:11:28.700,89,8
5306,01/31/2019 14:11:36.300,45,2
5306,01/31/2019 14:11:36.300,90,2
5306,01/31/2019 14:11:36.500,89,2
5306,01/31/2019 14:11:49.500,22,2
5306,01/31/2019 14:11:53.500,22,6
5306,01/31/2019 14:12:06.200,90,8
5306,01/31/2019 14:12:06.500,89,8
5306,01/31/2019 14:12:10.500,23,2
5306,01/31/2019 14:12:10.500,23,6
5306,01/31/2019 14:12:17.000,0,4
5306,01/31/2019 14:12:17.000,0,7
5306,01/31/2019 14:12:32.200,0,8
5306,01/31/2019 14:12:32.200,21,8
5306,01/31/2019 14:12:37.200,22,8
5306,01/31/2019 14:12:38.200,0,3
5306,01/31/2019 14:12:59.200,23,8
5306,01/31/2019 14:13:05.700,0,2
5306,01/31/2019 14:13:05.700,0,6
5306,01/31/2019 14:13:05.700,21,2
5306,01/31/2019 14:13:05.700,21,6
5306,01/31/2019 14:14:01.500,22,2
5306,01/31/2019 14:14:05.500,22,6
5306,01/31/2019 14:14:22.500,23,2
5306,01/31/2019 14:14:22.500,23,6
5306,01/31/2019 14:14:29.000,0,4
5306,01/31/2019 14:14:29.000,0,7
5306,01/31/2019 14:14:47.000,0,8
5306,01/31/2019 14:14:53.800,0,3
5306,01/31/2019 14:15:28.000,0,2
5306,01/31/2019 14:15:28.000,0,6
5306,01/31/2019 14:15:28.000,21,2
5306,01/31/2019 14:15:28.000,21,6
5306,01/31/2019 14:15:29.300,45,8
5306,01/31/2019 14:15:29.300,90,8
5306,01/31/2019 14:15:29.500,89,8
5306,01/31/2019 14:15:33.100,90,8
5306,01/31/2019 14:15:33.400,89,8
5306,01/31/2019 14:15:33.600,90,8
5306,01/31/2019 14:15:33.800,89,8
5306,01/31/2019 14:16:13.500,22,2
5306,01/31/2019 14:16:17.500,22,6
5306,01/31/2019 14:16:34.500,23,2
5306,01/31/2019 14:16:34.500,23,6
5306,01/31/2019 14:16:41.000,0,4
5306,01/31/2019 14:16:41.000,0,7
5306,01/31/2019 14:16:59.000,0,8
5306,01/31/2019 14:16:59.000,21,8
5306,01/31/2019 14:17:04.000,22,8
5306,01/31/2019 14:17:10.000,0,3
5306,01/31/2019 14:17:26.000,23,8
5306,01/31/2019 14:17:36.100,0,2
5306,01/31/2019 14:17:36.100,0,6
5306,01/31/2019 14:17:36.100,21,2
5306,01/31/2019 14:17:36.100,21,6
5306,01/31/2019 14:18:25.500,22,2
5306,01/31/2019 14:18:29.500,22,6
5306,01/31/2019 14:18:46.500,23,2
5306,01/31/2019 14:18:46.500,23,6
5306,01/31/2019 14:18:53.000,0,4
5306,01/31/2019 14:18:53.000,0,7
5306,01/31/2019 14:19:08.900,0,8
5306,01/31/2019 14:19:10.800,0,3
5306,01/31/2019 14:19:44.600,0,1
5306,01/31/2019 14:19:44.600,0,5
5306,01/31/2019 14:19:56.000,0,6
5306,01/31/2019 14:19:56.000,21,6
5306,01/31/2019 14:20:02.100,0,2
5306,01/31/2019 14:20:02.100,21,2
5306,01/31/2019 14:20:37.500,22,2
5306,01/31/2019 14:20:41.500,22,6
5306,01/31/2019 14:20:58.500,23,2
5306,01/31/2019 14:20:58.500,23,6
5306,01/31/2019 14:21:05.000,0,4
5306,01/31/2019 14:21:05.000,0,7
5306,01/31/2019 14:21:21.300,0,8
5306,01/31/2019 14:21:31.400,0,3
5306,01/31/2019 14:22:04.000,0,1
5306,01/31/2019 14:22:04.000,0,6
5306,01/31/2019 14:22:04.000,21,6
5306,01/31/2019 14:22:16.000,0,2
5306,01/31/2019 14:22:16.000,21,2
5306,01/31/2019 14:22:49.500,22,2
5306,01/31/2019 14:22:53.500,22,6
5306,01/31/2019 14:23:10.500,23,2
5306,01/31/2019 14:23:10.500,23,6
5306,01/31/2019 14:23:17.000,0,4
5306,01/31/2019 14:23:17.000,0,7
5306,01/31/2019 14:23:20.900,45,2
5306,01/31/2019 14:23:20.900,90,2
5306,01/31/2019 14:23:21.200,89,2
5306,01/31/2019 14:23:31.600,0,8
5306,01/31/2019 14:23:45.100,0,3
5306,01/31/2019 14:24:16.000,0,2
5306,01/31/2019 14:24:16.000,0,6
5306,01/31/2019 14:24:16.000,21,2
5306,01/31/2019 14:24:16.000,21,6
5306,01/31/2019 14:25:01.500,22,2
5306,01/31/2019 14:25:05.500,22,6
5306,01/31/2019 14:25:22.500,23,2
5306,01/31/2019 14:25:22.500,23,6
5306,01/31/2019 14:25:29.000,0,4
5306,01/31/2019 14:25:29.000,0,7
5306,01/31/2019 14:25:30.600,45,8
5306,01/31/2019 14:25:30.600,90,8
5306,01/31/2019 14:25:30.800,89,8
5306,01/31/2019 14:25:47.000,0,8
5306,01/31/2019 14:25:47.000,21,8
5306,01/31/2019 14:25:52.000,22,8
5306,01/31/2019 14:25:58.000,0,3
5306,01/31/2019 14:26:01.600,45,6
5306,01/31/2019 14:26:01.600,90,6
5306,01/31/2019 14:26:01.800,89,6
5306,01/31/2019 14:26:14.000,23,8
5306,01/31/2019 14:26:26.100,0,1
5306,01/31/2019 14:26:26.100,0,6
5306,01/31/2019 14:26:26.100,21,6
5306,01/31/2019 14:26:33.600,45,2
5306,01/31/2019 14:26:33.600,90,2
5306,01/31/2019 14:26:34.000,89,2
5306,01/31/2019 14:26:34.400,90,2
5306,01/31/2019 14:26:34.600,89,2
5306,01/31/2019 14:26:34.800,90,2
5306,01/31/2019 14:26:35.000,89,2
5306,01/31/2019 14:26:40.000,0,2
5306,01/31/2019 14:26:40.000,21,2
5306,01/31/2019 14:27:05.600,45,8
5306,01/31/2019 14:27:05.600,90,8
5306,01/31/2019 14:27:05.800,89,8
5306,01/31/2019 14:27:06.000,90,8
5306,01/31/2019 14:27:06.300,89,8
5306,01/31/2019 14:27:06.400,90,8
5306,01/31/2019 14:27:06.700,89,8
5306,01/31/2019 14:27:13.500,22,2
5306,01/31/2019 14:27:17.500,22,6
5306,01/31/2019 14:27:34.500,23,2
5306,01/31/2019 14:27:34.500,23,6
5306,01/31/2019 14:27:41.000,0,4
5306,01/31/2019 14:27:41.000,0,7
5306,01/31/2019 14:27:58.800,0,8
5306,01/31/2019 14:27:58.800,21,8
5306,01/31/2019 14:28:03.100,0,3
5306,01/31/2019 14:28:03.800,22,8
5306,01/31/2019 14:28:23.500,45,2
5306,01/31/2019 14:28:23.500,90,2
5306,01/31/2019 14:28:23.700,89,2
5306,01/31/2019 14:28:24.000,90,2
5306,01/31/2019 14:28:24.200,89,2
5306,01/31/2019 14:28:24.300,90,2
5306,01/31/2019 14:28:24.500,89,2
5306,01/31/2019 14:28:24.700,90,2
5306,01/31/2019 14:28:24.900,89,2
5306,01/31/2019 14:28:25.800,23,8
5306,01/31/2019 14:28:36.300,0,2
5306,01/31/2019 14:28:36.300,0,6
5306,01/31/2019 14:28:36.300,21,2
5306,01/31/2019 14:28:36.300,21,6
5306,01/31/2019 14:29:25.500,22,2
5306,01/31/2019 14:29:29.500,22,6
5306,01/31/2019 14:29:46.500,23,2
5306,01/31/2019 14:29:46.500,23,6
5306,01/31/2019 14:29:53.000,0,4
5306,01/31/2019 14:29:53.000,0,7
5306,01/31/2019 14:30:11.000,0,8
5306,01/31/2019 14:30:21.500,0,3
5306,01/31/2019 14:30:40.100,0,2
5306,01/31/2019 14:30:40.100,0,6
5306,01/31/2019 14:30:40.100,21,2
5306,01/31/2019 14:30:40.100,21,6
5306,01/31/2019 14:31:37.500,22,2
5306,01/31/2019 14:31:41.500,22,6
5306,01/31/2019 14:31:58.500,23,2
5306,01/31/2019 14:31:58.500,23,6
5306,01/31/2019 14:32:05.000,0,4
5306,01/31/2019 14:32:05.000,0,7
5306,01/31/2019 14:32:17.900,0,8
5306,01/31/2019 14:32:24.200,0,3
5306,01/31/2019 14:32:54.000,0,2
5306,01/31/2019 14:32:54.000,0,5
5306,01/31/2019 14:32:54.000,21,2
5306,01/31/2019 14:33:10.400,0,6
5306,01/31/2019 14:33:10.400,21,6
5306,01/31/2019 14:33:49.500,22,2
5306,01/31/2019 14:33:53.500,22,6
5306,01/31/2019 14:33:53.600,45,8
5306,01/31/2019 14:33:53.600,90,8
5306,01/31/2019 14:33:53.800,89,8
5306,01/31/2019 14:34:10.500,23,2
5306,01/31/2019 14:34:10.500,23,6
5306,01/31/2019 14:34:17.000,0,4
5306,01/31/2019 14:34:17.000,0,7
5306,01/31/2019 14:34:29.900,0,8
5306,01/31/2019 14:34:29.900,21,8
5306,01/31/2019 14:34:34.900,22,8
5306,01/31/2019 14:34:36.400,0,3
5306,01/31/2019 14:34:56.900,23,8
5306,01/31/2019 14:35:14.700,0,2
5306,01/31/2019 14:35:14.700,0,6
5306,01/31/2019 14:35:14.700,21,2
5306,01/31/2019 14:35:14.700,21,6
5306,01/31/2019 14:36:01.500,22,2
5306,01/31/2019 14:36:05.500,22,6
5306,01/31/2019 14:36:22.500,23,2
5306,01/31/2019 14:36:22.500,23,6
5306,01/31/2019 14:36:29.000,0,4
5306,01/31/2019 14:36:29.000,0,7
5306,01/31/2019 14:36:46.900,0,8
5306,01/31/2019 14:36:50.500,0,3
5306,01/31/2019 14:37:07.300,45,2
5306,01/31/2019 14:37:07.300,90,2
5306,01/31/2019 14:37:07.600,89,2
5306,01/31/2019 14:37:07.700,90,2
5306,01/31/2019 14:37:07.900,89,2
5306,01/31/2019 14:37:18.800,0,1
5306,01/31/2019 14:37:18.800,0,6
5306,01/31/2019 14:37:18.800,21,6
5306,01/31/2019 14:37:23.200,45,6
5306,01/31/2019 14:37:23.200,90,6
5306,01/31/2019 14:37:23.400,89,6
5306,01/31/2019 14:37:34.300,0,2
5306,01/31/2019 14:37:34.300,21,2
5306,01/31/2019 14:37:47.100,45,8
5306,01/31/2019 14:37:47.100,90,8
5306,01/31/2019 14:37:47.300,89,8
5306,01/31/2019 14:38:13.500,22,2
5306,01/31/2019 14:38:17.500,22,6
5306,01/31/2019 14:38:23.700,90,8
5306,01/31/2019 14:38:24.000,89,8
5306,01/31/2019 14:38:24.400,90,8
5306,01/31/2019 14:38:24.700,89,8
5306,01/31/2019 14:38:34.500,23,2
5306,01/31/2019 14:38:34.500,23,6
5306,01/31/2019 14:38:41.000,0,4
5306,01/31/2019 14:38:41.000,0,7
5306,01/31/2019 14:38:53.100,0,8
5306,01/31/2019 14:38:53.100,21,8
5306,01/31/2019 14:38:58.100,22,8
5306,01/31/2019 14:39:04.800,0,3
5306,01/31/2019 14:39:20.100,23,8
5306,01/31/2019 14:39:40.000,0,2
5306,01/31/2019 14:39:40.000,0,6
5306,01/31/2019 14:39:40.000,21,2
5306,01/31/2019 14:39:40.000,21,6
5306,01/31/2019 14:40:25.500,22,2
5306,01/31/2019 14:40:29.500,22,6
5306,01/31/2019 14:40:46.500,23,2
5306,01/31/2019 14:40:46.500,23,6
5306,01/31/2019 14:40:53.000,0,4
5306,01/31/2019 14:40:53.000,0,7
5306,01/31/2019 14:41:11.000,0,8
5306,01/31/2019 14:41:20.900,0,3
5306,01/31/2019 14:41:52.000,0,1
5306,01/31/2019 14:41:52.000,0,6
5306,01/31/2019 14:41:52.000,21,6
5306,01/31/2019 14:42:03.700,0,2
5306,01/31/2019 14:42:03.700,21,2
5306,01/31/2019 14:42:37.500,22,2
5306,01/31/2019 14:42:41.500,22,6
5306,01/31/2019 14:42:58.500,23,2
5306,01/31/2019 14:42:58.500,23,6
5306,01/31/2019 14:43:05.000,0,4
5306,01/31/2019 14:43:05.000,0,7
5306,01/31/2019 14:43:23.000,0,8
5306,01/31/2019 14:43:28.600,0,3
5306,01/31/2019 14:44:04.000,0,1
5306,01/31/2019 14:44:04.000,0,6
5306,01/31/2019 14:44:04.000,21,6
5306,01/31/2019 14:44:14.000,0,2
5306,01/31/2019 14:44:14.000,21,2
5306,01/31/2019 14:44:49.500,22,2
5306,01/31/2019 14:44:53.500,22,6
5306,01/31/2019 14:44:54.800,45,8
5306,01/31/2019 14:44:54.800,90,8
5306,01/31/2019 14:44:55.100,89,8
5306,01/31/2019 14:45:10.500,23,2
5306,01/31/2019 14:45:10.500,23,6
5306,01/31/2019 14:45:17.000,0,4
5306,01/31/2019 14:45:17.000,0,7
5306,01/31/2019 14:45:33.700,0,3
5306,01/31/2019 14:45:35.000,0,8
5306,01/31/2019 14:45:35.000,21,8
5306,01/31/2019 14:45:40.000,22,8
5306,01/31/2019 14:46:02.000,23,8
5306,01/31/2019 14:46:08.500,0,1
5306,01/31/2019 14:46:08.500,0,6
5306,01/31/2019 14:46:08.500,21,6
5306,01/31/2019 14:46:19.400,0,2
5306,01/31/2019 14:46:19.400,21,2
5306,01/31/2019 14:47:01.500,22,2
5306,01/31/2019 14:47:05.500,22,6
5306,01/31/2019 14:47:22.500,23,2
5306,01/31/2019 14:47:22.500,23,6
5306,01/31/2019 14:47:29.000,0,4
5306,01/31/2019 14:47:29.000,0,7
5306,01/31/2019 14:47:47.000,0,8
5306,01/31/2019 14:47:57.600,0,3
5306,01/31/2019 14:48:28.000,0,1
5306,01/31/2019 14:48:28.000,0,6
5306,01/31/2019 14:48:28.000,21,6
5306,01/31/2019 14:48:37.400,45,2
5306,01/31/2019 14:48:37.400,90,2
5306,01/31/2019 14:48:37.600,89,2
5306,01/31/2019 14:48:40.000,0,2
5306,01/31/2019 14:48:40.000,21,2
5306,01/31/2019 14:49:13.500,22,2
5306,01/31/2019 14:49:17.500,22,6
5306,01/31/2019 14:49:34.500,23,2
5306,01/31/2019 14:49:34.500,23,6
5306,01/31/2019 14:49:41.000,0,4
5306,01/31/2019 14:49:41.000,0,7
5306,01/31/2019 14:49:59.000,0,8
5306,01/31/2019 14:50:10.000,0,3
5306,01/31/2019 14:50:40.000,0,2
5306,01/31/2019 14:50:40.000,0,5
5306,01/31/2019 14:50:40.000,21,2
5306,01/31/2019 14:50:52.000,0,6
5306,01/31/2019 14:50:52.000,21,6
5306,01/31/2019 14:51:25.500,22,2
5306,01/31/2019 14:51:29.500,22,6
5306,01/31/2019 14:51:46.500,23,2
5306,01/31/2019 14:51:46.500,23,6
5306,01/31/2019 14:51:53.000,0,4
5306,01/31/2019 14:51:53.000,0,7
5306,01/31/2019 14:52:11.000,0,8
5306,01/31/2019 14:52:14.900,0,3
5306,01/31/2019 14:52:46.800,0,2
5306,01/31/2019 14:52:46.800,0,6
5306,01/31/2019 14:52:46.800,21,2
5306,01/31/2019 14:52:46.800,21,6
5306,01/31/2019 14:53:37.500,22,2
5306,01/31/2019 14:53:41.500,22,6
5306,01/31/2019 14:53:58.500,23,2
5306,01/31/2019 14:53:58.500,23,6
5306,01/31/2019 14:54:05.000,0,4
5306,01/31/2019 14:54:05.000,0,7
5306,01/31/2019 14:54:15.000,0,8
5306,01/31/2019 14:54:34.000,0,3
5306,01/31/2019 14:55:04.000,0,1
5306,01/31/2019 14:55:04.000,0,6
5306,01/31/2019 14:55:04.000,21,6
5306,01/31/2019 14:55:16.000,0,2
5306,01/31/2019 14:55:16.000,21,2
5306,01/31/2019 14:55:18.800,22,2
5306,01/31/2019 14:55:49.500,22,2
5306,01/31/2019 14:55:53.500,22,6
5306,01/31/2019 14:56:10.500,23,2
5306,01/31/2019 14:56:10.500,23,6
5306,01/31/2019 14:56:17.000,0,4
5306,01/31/2019 14:56:17.000,0,7
5306,01/31/2019 14:56:24.100,45,8
5306,01/31/2019 14:56:24.100,90,8
5306,01/31/2019 14:56:24.300,89,8
5306,01/31/2019 14:56:24.600,90,8
5306,01/31/2019 14:56:24.800,89,8
5306,01/31/2019 14:56:34.500,0,8
5306,01/31/2019 14:56:34.500,21,8
5306,01/31/2019 14:56:38.300,0,3
5306,01/31/2019 14:56:39.500,22,8
5306,01/31/2019 14:57:01.500,23,8
5306,01/31/2019 14:57:16.000,0,2
5306,01/31/2019 14:57:16.000,0,6
5306,01/31/2019 14:57:16.000,21,2
5306,01/31/2019 14:57:16.000,21,6
5306,01/31/2019 14:58:01.500,22,2
5306,01/31/2019 14:58:05.500,22,6
5306,01/31/2019 14:58:22.500,23,2
5306,01/31/2019 14:58:22.500,23,6
5306,01/31/2019 14:58:29.000,0,4
5306,01/31/2019 14:58:29.000,0,7
5306,01/31/2019 14:58:46.300,0,8
5306,01/31/2019 14:58:48.900,0,3
5306,01/31/2019 14:59:23.100,0,2
5306,01/31/2019 14:59:23.100,0,6
5306,01/31/2019 14:59:23.100,21,2
5306,01/31/2019 14:59:23.100,21,6
5306,01/31/2019 15:00:04.600,22,6
5306,01/31/2019 15:00:21.000,23,2
5306,01/31/2019 15:00:21.600,23,6
5306,01/31/2019 15:00:31.000,0,4
5306,01/31/2019 15:00:31.000,0,7
5306,01/31/2019 15:00:49.000,0,3
5306,01/31/2019 15:00:53.900,0,8
